Street,Suburb,State,Postcode
11 - 19 belair close, park ridge south ,qld,4125
10 patamba street, kooringal ,nsw,2650
28 / 14 - 18 peggy street, mays hill ,nsw,2145
1 - 9 midden court, ningi ,qld,4511
22 breakers way, korora ,nsw,2450
2 / 85 abuklea road, marsfield ,nsw,2122
1 middlemiss street, everton park ,qld,4053
33 / 14 - 18 ethel avenue, brookvale ,nsw,2100
1 septimus street, erskineville ,nsw,2043
44 castle avenue, gool,wa,5214
1 septimus street, chatswood ,nsw,3067
9 middlemiss street, lavender bay ,nsw,2060
77 arlington street, rockdale ,nsw,2216
7 benelong road, cremorne ,nsw,2090
11 third avenue, lane cove ,nsw,2066
88 camden boulevard, aubin grove ,wa,6164
1 darling avenue, camberwell ,vic,3124
1 / 56 blues point road, mcmahons point ,nsw,2060
1 septimus avenue, punchbowl ,nsw,2196
25 illich street, kurrimine beach ,qld,4871
1 third avenue, lane cove ,nsw,2066
1 camden street, newtown ,nsw,2042
